https://adhoc.arbeitsagentur.de:443/, SecureTransport 5.4 (build: 1125) - Linux, 
https://ak.arbeitsagentur.de:443/, Apache, Mail an den Antikorruptionsbeauftragten der BA
https://kursnet-finden.arbeitsagentur.de/kurs/, Apache, KURSNET
	
		
		
			
				 - Startseite
https://www.arbeitsagentur.de/, nginx, Startseite - Bundesagentur für Arbeit
https://con.arbeitsagentur.de/prod/studiensuche/, nginx, Studiensuche - Bundesagentur für Arbeit
https://www.arbeitsagentur.de/karriere-und-weiterbildung/e-learning-lernboerse, nginx, Online-Trainings rund um den Beruf - Bundesagentur für Arbeit
https://con.arbeitsagentur.de/prod/apok/bno-ui/index.html, nginx, Betriebsnummernvergabe Online - Bundesagentur fÃ¼r Arbeit
https://www.kursnet-online.arbeitsagentur.de/onlinekurs/, Apache, KURSNET - Bildung einfach anbieten - Login
https://ak.arbeitsagentur.de/, Apache, Mail an den Antikorruptionsbeauftragten der BA
https://www.perspektive-wiedereinstieg.de:443/, Apache-Coyote/1.1, Perspektive Wiedereinstieg:   Startseite
https://kursnet-finden.arbeitsagentur.de/kurs/, Apache, KURSNET
	
		
		
			
				 - Startseite
https://www.arbeitsagentur.de/karriere-und-weiterbildung/e-learning-lernboerse, nginx, Online-Trainings rund um den Beruf - Bundesagentur für Arbeit
https://con.arbeitsagentur.de/prod/apok/bno-ui/index.html, nginx, Betriebsnummernvergabe Online - Bundesagentur fÃ¼r Arbeit
https://www.kursnet-online.arbeitsagentur.de/onlinekurs/, Apache, KURSNET - Bildung einfach anbieten - Login
https://terminal103.arbeitsagentur.de:443/vpn/index.html, Apache, Citrix Gateway
https://www.perspektive-wiedereinstieg.de/, Apache-Coyote/1.1, Perspektive Wiedereinstieg:   Startseite
https://www.arbeitsagentur.de/, nginx, Startseite - Bundesagentur für Arbeit
https://ica.sdst.arbeitsagentur.de:443/vpn/index.html, Apache, Citrix Gateway
https://vdi.sdst.arbeitsagentur.de:443/vpn/index.html, Apache, Citrix Gateway
https://ica103.arbeitsagentur.de:443/vpn/index.html, Apache, Citrix Gateway
https://ica201.iarbeitsagentur.de:443/vpn/index.html, Apache, Citrix Gateway
https://www.arbeitsagentur.de/, nginx, Startseite - Bundesagentur für Arbeit
https://sso.arbeitsagentur.de:443/oam/server/obrareq.cgi?encquery%3DV9Om2P2D%2F%2FqaUBHNfSr5jg78bnHFgIVBY0a3%2FrX1KeA6tm9DbfWa6k7%2FIlsn9TMROuYAgGgziq5zpcwA7OT3C4SC%2F2myLXtNXhlAZlUhktvC0qpisxdrZbaH2M2jIjyoHBSVN0OmqSeKNeEUMS%2BDWOoV9HxNxxlAFaNdnhqiFP7cVCT9a6%2FnAVX6Y0coGZ3mXbdIcilbNup3IBWtLVgdhxbVHPJxFfiIi10UtzWUaipqEgo%2BCO7sdQ%2B8Iq6L2Uui2ab49swsAGwBm77oGPKZ7DVU5i67aiVJzwthTZnFLUbwIasXmjO2LihRaSu8zsPYCd3ZPq5CANDdGzILCmw2uw%3D%3D%20agentid%3DAPOLLO-Webgate%20ver%3D1%20crmethod%3D2%26cksum%3Db34963e509fc8f51019df637eba6632b66220581, Apache
https://vdi.sdst.arbeitsagentur.de/vpn/index.html, Apache, Citrix Gateway
https://ica.sdst.arbeitsagentur.de/vpn/index.html, Apache, Citrix Gateway
https://ica201.iarbeitsagentur.de/vpn/index.html, Apache, Citrix Gateway
https://ica103.arbeitsagentur.de/vpn/index.html, Apache, Citrix Gateway
https://sso.arbeitsagentur.de:443/oam/server/obrareq.cgi?encquery%3D6yavioFwk4m7YYa5vu9sCSLB7QyrFAJ%2F1ziA2F86fnqm3XmAmM8J4wAqLsaenzG16hLhGAEF7u4IXcFb%2BZcaO1qTetd7GKTuSVf%2BUF8dvX%2F6EEVIFjA5UyOGsbzhZN2xeKcURTa62nORplPPSSka9IgLvUINNHI7mQPVuSTnlTk%2BZ4MgcbV85CzG91O5NJHob7hPMqpRvKzpXX3w812l4N5vfNabndcLUy1dgoWKOZ341AIyEJUneMRAgpFE3EDiUR%2FLnITosQRxSt72f38upDiX1H0U%2FVAM0o9mJBCaW20gwUPGU8wo7uR75hhsLc%2Bzl6AzAgU0zJRVxHS7zMGcHg%3D%3D%20agentid%3DAPOLLO-Webgate%20ver%3D1%20crmethod%3D2%26cksum%3Dc9e287ed327b2eecb4f748c81e96c881cd95ae9c, Apache
https://terminal101.iarbeitsagentur.de/vpn/index.html, Apache, Citrix Gateway
https://terminal103.arbeitsagentur.de/vpn/index.html, Apache, Citrix Gateway
https://terminal203.arbeitsagentur.de/vpn/index.html, Apache, Citrix Gateway
https://terminal103.arbeitsagentur.de/vpn/index.html, Apache, Citrix Gateway
https://terminal101.iarbeitsagentur.de/vpn/index.html, Apache, Citrix Gateway
http://ocsp.pkiint.arbeitsagentur.de:80/, secunet multisign OCSP-Responder/4.90
http://datei.arbeitsagentur.eu:80/, Apache, Dateiablage der Arbeitsagentur
http://ocsp.pki.arbeitsagentur.de:80/, secunet multisign OCSP-Responder/4.90
https://statistik.arbeitsagentur.de:443/, HTTP/1.1, Startseite  -  Statistik der Bundesagentur für Arbeit, Government Site Builder
https://www.arbeitsagentur.de/, nginx, Startseite - Bundesagentur für Arbeit
https://www.arbeitsagentur.de/vor-ort/rd-sat/content/1533720664599, Apache, Tag der Berufe - Regionaldirektion Sachsen-Anhalt-Thüringen
https://pxen002-pxz1-vfz2.vk.arbeitsagentur.de/webapp/, Apache
https://con.arbeitsagentur.de/prod/apok/metasuche/, nginx, SuchÃ¼bersicht - Bundesagentur fÃ¼r Arbeit
https://con.arbeitsagentur.de/prod/taetigkeitsschluessel/, nginx, TÃ¤tigkeitsschlÃ¼ssel online - Bundesagentur fÃ¼r Arbeit
http://wartung.ba-it-systemhaus.de, Apache, Wartung
https://www.arbeitsagentur.de/vor-ort/zav/startseite, Apache, Zentrale Auslands- und Fachvermittlung (ZAV) - Zentrale Auslands- und Fachvermittlung (ZAV)
https://terminal203.arbeitsagentur.de:443/vpn/index.html, Apache, Citrix Gateway
https://statistik.arbeitsagentur.de/, HTTP/1.1, Startseite  -  Statistik der Bundesagentur für Arbeit, Government Site Builder
https://jobboerse2.arbeitsagentur.de/prod/verbis/, Apache, arbeitsagentur.de
https://pxen002-pxz1-vfz2.vk.arbeitsagentur.de/webapp/, Apache
https://con.arbeitsagentur.de/prod/taetigkeitsschluessel/, nginx, TÃ¤tigkeitsschlÃ¼ssel online - Bundesagentur fÃ¼r Arbeit
https://zav.arbeitsagentur.de/, HTTP/1.1, ZAV Künstlervermittlung  -  Startseite, Government Site Builder
https://con.arbeitsagentur.de/prod/apok/metasuche/, nginx, SuchÃ¼bersicht - Bundesagentur fÃ¼r Arbeit
https://ica203.arbeitsagentur.de:443/vpn/index.html, Apache, Citrix Gateway
https://imamprod.iarbeitsagentur.de:443/vpn/index.html, Apache, Citrix Gateway
https://jobboerse2.arbeitsagentur.de/prod/verbis/, Apache, arbeitsagentur.de
https://zav.arbeitsagentur.de/, HTTP/1.1, ZAV Künstlervermittlung  -  Startseite, Government Site Builder
https://zav.arbeitsagentur.de/, HTTP/1.1, ZAV Künstlervermittlung  -  Startseite, Government Site Builder
https://ica203.arbeitsagentur.de/vpn/index.html, Apache, Citrix Gateway
https://terminal103.arbeitsagentur.de/vpn/index.html, Apache, Citrix Gateway
https://terminal101.iarbeitsagentur.de/vpn/index.html, Apache, Citrix Gateway
https://sso.arbeitsagentur.de:443/oam/server/obrareq.cgi?encquery%3DnPNkhf3123tQhGMnHctQLZdLaYp57S8bgbkBodMMt86UnhFrKqU0%2BF9n0lP9smyK1TnpaSrJw2ed%2FGASx1oWdA2%2BAQ0cnqMGspCB2p9s9K429bxdXR48N4aYtNZ9p%2BnTzIxEg5P3Yxz5gOvm85tvup0BOwvi1RR4xL8Nj1MboRdzOQzWrMJpVExhkccqymNGZ9fJNVvgjXvbzk7xTPQVAn%2Bi9xkcPO8XijdcGstB3EcixMnfY2wdiH2RQtxsWm6TRJWE3RIfAz%2B7mklht78kflpgQr56XRnLAKoaZLeCJDlo%2BuI%2FmuwnHGb5cnIz32%2Fstj%2Brdf0Y9fLOoySfcSjsmOWUKvnwPB3Cmiiw0KbZ1QU%3D%20agentid%3DCON-Webgate%20ver%3D1%20crmethod%3D2%26cksum%3D9905a3a7f9f12b872d2d20a608fe71f68fcb008b, Apache
https://sso.arbeitsagentur.de:443/oam/server/obrareq.cgi?encquery%3DpD65ph1TOcuhJ3W4BdwQ%2Bp2H1i8mrOuuu8IPm21GkiEwPbKar%2BjB54w3EobEtpMOGxAvO76sa4ghMRiTGZ3kNo4U5YOMzj5mNptmMCwidyWI5JMfS9HsGz0RAqYxe%2FYx%2BIMcPDY8Cn79dRguj%2BVg8tFWmErUgX1HQFqxyQl5mjWgAML4FPcZH4kQtMiKxbkC676wy%2Fz%2FAf6g6Lo8lub9Usx%2FOeKzEK7g41sZwHB2U2Wqdn1K7tZ3nVJRVEVeYXKaNRLQIAlV8Fs0ju61nLn4svWxol2kJm5kTOHvcg9WYL4XRw9hAzQPTLY6cc3qAksckKwxTuR5eCZBcYS5VPbNeeZ%2BiHj4oIwD32iljSsNHG8%3D%20agentid%3DCON-Webgate%20ver%3D1%20crmethod%3D2%26cksum%3D65c65982141a498dad09c1c03f546df258dacb32, Apache
https://terminal101.iarbeitsagentur.de/vpn/index.html, Apache, Citrix Gateway
http://ocsp-vz.pki.arbeitsagentur.de:80/, secunet multisign OCSP-Responder/4.90
https://www.arbeitsagentur.de:443/, nginx, Startseite - Bundesagentur für Arbeit
https://sgb2praxis.arbeitsagentur.de:443/, Apache, Startseite - sgb2praxis.arbeitsagentur.de
https://baxml.arbeitsagentur.de:443/, Apache, Startseite - baxml.arbeitsagentur.de
https://www.arbeitsagentur.de/, nginx, Startseite - Bundesagentur für Arbeit
https://zav.arbeitsagentur.de/, HTTP/1.1, ZAV Künstlervermittlung  -  Startseite, Government Site Builder
https://www.pkiint.arbeitsagentur.de:443/, , VDA der Bundesagentur fÃ¼r Arbeit
https://www.arbeitsagentur.de/bildung/welche-ausbildung-welches-studium-passt, nginx, Check-U: Teste deine Stärken - Bundesagentur für Arbeit
https://www.arbeitsagentur.de/bildung/studium, nginx, Schritt für Schritt zum passenden Studium - Bundesagentur für Arbeit
https://eu2020.arbeitsagentur.de/DE/Hinweis/hinweismeldung, HTTP/1.1, HinweisEntschuldigung, Government Site Builder
https://www.arbeitsagentur.de/, nginx, Startseite - Bundesagentur für Arbeit
https://sgb2praxis.arbeitsagentur.de/, Apache, Startseite - sgb2praxis.arbeitsagentur.de
https://baxml.arbeitsagentur.de/, Apache, Startseite - baxml.arbeitsagentur.de
https://www.pkiint.arbeitsagentur.de/, , VDA der Bundesagentur fÃ¼r Arbeit
https://www.arbeitsagentur.de/bildung/welche-ausbildung-welches-studium-passt, nginx, Check-U: Teste deine Stärken - Bundesagentur für Arbeit
https://eu2020.arbeitsagentur.de/DE/Hinweis/hinweismeldung, HTTP/1.1, HinweisEntschuldigung, Government Site Builder
https://mamprod.arbeitsagentur.de:443/vpn/index.html, Apache, Citrix Gateway
https://www.arbeitsagentur.de/karriere-und-weiterbildung/e-learning-lernboerse, nginx, Online-Trainings rund um den Beruf - Bundesagentur für Arbeit
https://statistik-dr.arbeitsagentur.de/MicroStrategy/servlet/mstrWeb, Apache, WELCOME. MicroStrategy
https://ica101.iarbeitsagentur.de/vpn/index.html, Apache, Citrix Gateway
https://statistik-dr.arbeitsagentur.de/MicroStrategy/servlet/mstrWeb, Apache, WELCOME. MicroStrategy
https://vdi.arbeitsagentur.de/vpn/index.html, Apache, Citrix Gateway
https://www.arbeitsagentur.de/karriere-und-weiterbildung/e-learning-lernboerse, nginx, Online-Trainings rund um den Beruf - Bundesagentur für Arbeit
https://jobboerse.arbeitsagentur.de/prod/vamJB/startseite.html?aa=1&m=1&kgr=as&vorschlagsfunktionaktiv=true, Apache, JOBBÖRSE der Bundesagentur für Arbeit - Deutschlands größtes Online-Jobportal
https://ica101.iarbeitsagentur.de:443/vpn/index.html, Apache, Citrix Gateway
https://lyncdiscover.jobcenter-ge.de:443/, Apache
https://perspektive-wiedereinstieg.de:443/, Apache-Coyote/1.1, Perspektive Wiedereinstieg:   Startseite
https://pxen003-pxz1-vfz1.vk.arbeitsagentur.de/webapp/, Apache
https://pxen004-pxz1-vfz2.vk.arbeitsagentur.de/webapp/, Apache
https://www.pki.arbeitsagentur.de:443/, , VDA der Bundesagentur fÃ¼r Arbeit
https://pxen003-pxz1-vfz2.vk.arbeitsagentur.de/webapp/, Apache
https://pxen002-pxz1-vfz1.vk.arbeitsagentur.de/webapp/, Apache
https://www.arbeitsagentur.de/, nginx, Startseite - Bundesagentur für Arbeit
https://www.arbeitsagentur.de/bildung/studium, nginx, Schritt für Schritt zum passenden Studium - Bundesagentur für Arbeit
https://www.jobcenter-ge.de/, HTTP/1.1, Jobcenter  -  Startseite, Government Site Builder
https://www.arbeitsagentur.de/, nginx, Startseite - Bundesagentur für Arbeit
https://perspektive-wiedereinstieg.de/, Apache-Coyote/1.1, Perspektive Wiedereinstieg:   Startseite
https://pxen003-pxz1-vfz1.vk.arbeitsagentur.de/webapp/, Apache
https://pxen004-pxz1-vfz2.vk.arbeitsagentur.de/webapp/, Apache
https://www.pki.arbeitsagentur.de/, , VDA der Bundesagentur fÃ¼r Arbeit
https://pxen003-pxz1-vfz2.vk.arbeitsagentur.de/webapp/, Apache
https://pxen002-pxz1-vfz1.vk.arbeitsagentur.de/webapp/, Apache
https://download-portal.arbeitsagentur.de/files/, Apache, Download-Portal -
		Login
https://download-portal.arbeitsagentur.de/files/, Apache, Download-Portal -
		Login
https://terminal101.arbeitsagentur.de:443/vpn/index.html, Apache, Citrix Gateway
https://www.arbeitsagentur.de/bildung/welche-ausbildung-welches-studium-passt, nginx, Check-U: Teste deine Stärken - Bundesagentur für Arbeit
https://planet-beruf.de/schuelerinnen/, Apache, Schueler - www.planet-beruf.de, TYPO3 CMS
https://www.arbeitsagentur.de, nginx, Startseite - Bundesagentur für Arbeit
https://terminal103.arbeitsagentur.de/vpn/index.html, Apache, Citrix Gateway
http://ocsp-rwp.pki.arbeitsagentur.de:80/, secunet multisign OCSP-Responder/4.90
https://www.arbeitsagentur.de/familie-und-kinder, nginx, Finanzielle Unterstützung für Familien und Kinder - Bundesagentur für Arbeit
https://www.statistik-arbeitsagentur.de:443/, HTTP/1.1, Startseite  -  Statistik der Bundesagentur für Arbeit, Government Site Builder
https://www.arbeitsagentur.de/, nginx, Startseite - Bundesagentur für Arbeit
https://www.arbeitsagentur.de/, nginx, Startseite - Bundesagentur für Arbeit
https://www.arbeitsagentur.de/, nginx, Startseite - Bundesagentur für Arbeit
https://cert-upload.arbeitsagentur.de:443/extcerts/external, Apache, Adressbuch für externe Kontakte
https://www.arbeitsagentur.de/, nginx, Startseite - Bundesagentur für Arbeit
https://www.arbeitsagentur.de/familie-und-kinder, nginx, Finanzielle Unterstützung für Familien und Kinder - Bundesagentur für Arbeit
https://www.arbeitsagentur.de/, nginx, Startseite - Bundesagentur für Arbeit
https://www.arbeitsagentur.de/vor-ort/it-systemhaus/startseite, Apache, Startseite IT-Systemhaus - IT-Systemhaus der Bundesagentur für Arbeit
https://www.arbeitsagentur.de/, nginx, Startseite - Bundesagentur für Arbeit
https://pxen004-pxz1-vfz1.vk.arbeitsagentur.de/webapp/, Apache
https://www.arbeitsagentur.de/, nginx, Startseite - Bundesagentur für Arbeit
https://www.arbeitsagentur.de/, nginx, Startseite - Bundesagentur für Arbeit
https://www.arbeitsagentur.de/, nginx, Startseite - Bundesagentur für Arbeit
https://www.arbeitsagentur.de/karriere-und-weiterbildung/e-learning-lernboerse, nginx, Online-Trainings rund um den Beruf - Bundesagentur für Arbeit
https://www.arbeitsagentur.de/, nginx, Startseite - Bundesagentur für Arbeit
https://www.arbeitsagentur.de/familie-und-kinder, nginx, Finanzielle Unterstützung für Familien und Kinder - Bundesagentur für Arbeit
https://www.arbeitsagentur.de/, nginx, Startseite - Bundesagentur für Arbeit
https://ben.arbeitsagentur.de/ben/faces/index, Apache
https://www.arbeitsagentur.de/vor-ort/potsdam/jobinale, Apache, JOBinale 2020 - Agentur für Arbeit Potsdam
https://www.statistik-arbeitsagentur.de/, HTTP/1.1, Startseite  -  Statistik der Bundesagentur für Arbeit, Government Site Builder
https://www.jobcenter-ge.de/Jobcenter/Segeberg/DE/Home/home_node.html, HTTP/1.1, Jobcenter  -  Startseite, Government Site Builder
https://www.jobcenter-ge.de/Jobcenter/Bottrop/DE/Home/home_node.html, HTTP/1.1, Jobcenter  -  Startseite, Government Site Builder
https://www.arbeitsagentur.de/bildung/welche-ausbildung-welches-studium-passt, nginx, Check-U: Teste deine Stärken - Bundesagentur für Arbeit
https://zav.arbeitsagentur.de/, HTTP/1.1, ZAV Künstlervermittlung  -  Startseite, Government Site Builder
https://pxen004-pxz1-vfz1.vk.arbeitsagentur.de/webapp/, Apache
https://ben.arbeitsagentur.de/ben/faces/index, Apache
https://zav.arbeitsagentur.de/, HTTP/1.1, ZAV Künstlervermittlung  -  Startseite, Government Site Builder
https://www.arbeitsagentur.de/bildung/welche-ausbildung-welches-studium-passt, nginx, Check-U: Teste deine Stärken - Bundesagentur für Arbeit
https://www.arbeitsagentur.de/, nginx, Startseite - Bundesagentur für Arbeit
https://www.arbeitsagentur.de/, nginx, Startseite - Bundesagentur für Arbeit
https://ica101.arbeitsagentur.de:443/vpn/index.html, Apache, Citrix Gateway
https://zav.arbeitsagentur.de/, HTTP/1.1, ZAV Künstlervermittlung  -  Startseite, Government Site Builder
https://zav.arbeitsagentur.de/, HTTP/1.1, ZAV Künstlervermittlung  -  Startseite, Government Site Builder
https://ica101.arbeitsagentur.de/vpn/index.html, Apache, Citrix Gateway
https://jobcenter-ge.de:443/, HTTP/1.1, Jobcenter  -  Startseite, Government Site Builder
https://www.arbeitsagentur.de/vor-ort/rd-sat/content/1533720664599, Apache, Tag der Berufe - Regionaldirektion Sachsen-Anhalt-Thüringen
https://statistik-alt.arbeitsagentur.de:443/, Apache, Wartungsarbeiten
https://www.arbeitsagentur.de/, nginx, Startseite - Bundesagentur für Arbeit
https://jobcenter-ge.de/, HTTP/1.1, Jobcenter  -  Startseite, Government Site Builder
https://kursnet-finden.arbeitsagentur.de/kurs/, Apache, KURSNET
	
		
		
			
				 - Startseite
https://www.arbeitsagentur.de/, nginx, Startseite - Bundesagentur für Arbeit
https://www.arbeitsagentur.de/, nginx, Startseite - Bundesagentur für Arbeit
https://www.arbeitsagentur.de/vor-ort/hamburg/studieren-im-norden, Apache, Studieren im Norden - Die Hochschulmesse - Agentur für Arbeit Hamburg
https://www.arbeitsagentur.de/, nginx, Startseite - Bundesagentur für Arbeit
https://www.arbeitsagentur.de/, nginx, Startseite - Bundesagentur für Arbeit
https://vbwebapp001-vfz1.vk.arbeitsagentur.de/static/?vkid=na, Apache, Willkommen bei âMein Videoterminâ
https://www.arbeitsagentur.de/, nginx, Startseite - Bundesagentur für Arbeit
https://www.arbeitsagentur.de/, nginx, Startseite - Bundesagentur für Arbeit
https://www.arbeitsagentur.de/, nginx, Startseite - Bundesagentur für Arbeit
https://www.arbeitsagentur.de/, nginx, Startseite - Bundesagentur für Arbeit
https://www.arbeitsagentur.de/, nginx, Startseite - Bundesagentur für Arbeit
https://www.arbeitsagentur.de/, nginx, Startseite - Bundesagentur für Arbeit
https://www.arbeitsagentur.de/, nginx, Startseite - Bundesagentur für Arbeit
https://www.arbeitsagentur.de/vor-ort/potsdam/jobinale, Apache, JOBinale 2020 - Agentur für Arbeit Potsdam
https://www.arbeitsagentur.de/, nginx, Startseite - Bundesagentur für Arbeit
https://www.arbeitsagentur.de/, nginx, Startseite - Bundesagentur für Arbeit
https://cert-upload.iarbeitsagentur.de:443/extcerts/external, Apache, Adressbuch für externe Kontakte
https://www.arbeitsagentur.de/, nginx, Startseite - Bundesagentur für Arbeit
https://statistik-alt.arbeitsagentur.de/, Apache, Wartungsarbeiten
https://www.arbeitsagentur.de/, nginx, Startseite - Bundesagentur für Arbeit
https://www.arbeitsagentur.de/karriere-und-weiterbildung/berufsinformationszentrum-biz-erwachsene, nginx, Berufsinformationszentrum (BiZ) Erwachsene - Bundesagentur für Arbeit
https://www.arbeitsagentur.de/familie-und-kinder/kinderzuschlag-verstehen, nginx, Kinderzuschlag verstehen - Bundesagentur für Arbeit
https://www.arbeitsagentur.de/vor-ort/zav/startseite, Apache, Zentrale Auslands- und Fachvermittlung (ZAV) - Zentrale Auslands- und Fachvermittlung (ZAV)
https://pxen001-pxz1-vfz1.vk.arbeitsagentur.de/webapp/, Apache
https://www.arbeitsagentur.de/, nginx, Startseite - Bundesagentur für Arbeit
https://www.arbeitsagentur.de/bildung/welche-ausbildung-welches-studium-passt, nginx, Check-U: Teste deine Stärken - Bundesagentur für Arbeit
https://www.arbeitsagentur.de/bildung/welche-ausbildung-welches-studium-passt, nginx, Check-U: Teste deine Stärken - Bundesagentur für Arbeit
https://pxen001-pxz1-vfz1.vk.arbeitsagentur.de/webapp/, Apache
https://sso.arbeitsagentur.de:443/oam/server/obrareq.cgi?encquery%3DybJZC6jWI%2FbUqXBXBRwXscL%2BdOYBNcUKJkKC7lL%2F6ojBla59G8ygiuSPcRcKdZlqsG0CJWvqVqEGvp%2FkTSDZxJMyWrZ58gJllsB5k26ppLNAW2EJ3f7Q0En6ySHGAOYUe8uH6kzpjG1QPpRMEwG2urB4yGERNI2AP7iln5VMtdTAuJq9fYgeb0qtkXhv5sVmMeKF82LfE6C6oRJauIHpDtVKZBqVIoR2a2uXL24QVQ7HkJ5SrHdhbWKZGNYs%2B%2Bvqr2wkY1YE4R7h80XJ0QRbxkOiHOdYuIB0bbH9b0oZpt9ErZIjSSbkEie1NMk%2Btg9US%2FxHr5bXnXijh96YN72VCJHm0ocu%2Fy1M16FV3ytZoZE%3D%20agentid%3DCON-Webgate%20ver%3D1%20crmethod%3D2%26cksum%3Dff279f9bc33c6653e1eac1bb86e4c16e146bd645, Apache
https://sso.arbeitsagentur.de:443/oam/server/obrareq.cgi?encquery%3DzMQvF42kWoohSRy%2BO6ATErOwtaU6gKJoMDtzKyjhgn%2BK5eRH8ngUQ%2Bf87gJPv7jbanq%2Fvcmsna0gsIO%2Fzd%2FVH78XGccnv25IBUljZgR1RSerO%2BP61RqfDM92HBHsApnvu83i1RPuzeQ5mECoATzJXNEkJcWxK%2Fyx5ToyEyVJ7Swx37JICFlovHClHxmtApE9h00gtEJV4FKnBd%2F6AX6qQJApQFz7fUpCrKwzfD60U%2B6Q8DkZpKyAEX%2FTlXI5SC8tBWCi7iakpZD3NZ7a57wB0yQJ8Ly772ESwkEUBCC5M0m%2FaruJ3eCcm8mPwtXykVaGcexWtGqCnzjvqQ%2FM5L6yrbSsw2bDpkZcfxjhVWqAA3A%3D%20agentid%3DCON-Webgate%20ver%3D1%20crmethod%3D2%26cksum%3D3e5dc1c486020384e263aa82c0ae97c623167c2f, Apache
https://www.arbeitsagentur.de/familie-und-kinder, nginx, Finanzielle Unterstützung für Familien und Kinder - Bundesagentur für Arbeit
https://www.arbeitsagentur.de/arbeitslos-arbeit-finden/arbeitslosengeld-2, nginx, Arbeitslosengeld II: Jobcenter digital - Bundesagentur für Arbeit
https://con.arbeitsagentur.de/prod/entgeltatlas/, nginx, Entgeltatlas - Bundesagentur fÃ¼r Arbeit
https://www.arbeitsagentur.de/bildung, nginx, Schule, Ausbildung und Studium - Bundesagentur für Arbeit
https://con.arbeitsagentur.de/prod/entgeltatlas/, nginx, Entgeltatlas - Bundesagentur fÃ¼r Arbeit
https://www.arbeitsagentur.de/, nginx, Startseite - Bundesagentur für Arbeit
http://download.arbeitsagentur.eu:80/, Apache, Dateiablage der Arbeitsagentur
https://www.arbeitsagentur.de/, nginx, Startseite - Bundesagentur für Arbeit
https://www.arbeitsagentur.de/, nginx, Startseite - Bundesagentur für Arbeit
https://www.arbeitsagentur.de/, nginx, Startseite - Bundesagentur für Arbeit
https://zav.arbeitsagentur.de/, HTTP/1.1, ZAV Künstlervermittlung  -  Startseite, Government Site Builder
https://www.arbeitsagentur.de/, nginx, Startseite - Bundesagentur für Arbeit
https://www.arbeitsagentur.de/, nginx, Startseite - Bundesagentur für Arbeit
https://planet-beruf.de/schuelerinnen/, Apache, Schueler - www.planet-beruf.de, TYPO3 CMS
https://www.arbeitsagentur.de/vor-ort/zav/bfio, Apache, Büro Führungskräfte zu Internationalen Organisationen - Zentrale Auslands- und Fachvermittlung (ZAV)
https://www.arbeitsagentur.de/, nginx, Startseite - Bundesagentur für Arbeit
https://zav.arbeitsagentur.de/, HTTP/1.1, ZAV Künstlervermittlung  -  Startseite, Government Site Builder
https://zav.arbeitsagentur.de/, HTTP/1.1, ZAV Künstlervermittlung  -  Startseite, Government Site Builder
https://www.arbeitsagentur.de/, nginx, Startseite - Bundesagentur für Arbeit
https://www.arbeitsagentur.de/vor-ort/jobcenter-bernkastel-wittlich/startseite, Apache, Startseite - Jobcenter Bernkastel-Wittlich
https://www.arbeitsagentur.de/, nginx, Startseite - Bundesagentur für Arbeit
https://www.arbeitsagentur.de/familie-und-kinder/kinderzuschlag-verstehen, nginx, Kinderzuschlag verstehen - Bundesagentur für Arbeit
https://www.arbeitsagentur.de/, nginx, Startseite - Bundesagentur für Arbeit
https://www.arbeitsagentur.de/vor-ort/jobcenter-bernkastel-wittlich/startseite, Apache, Startseite - Jobcenter Bernkastel-Wittlich
https://www.arbeitsagentur.de/, nginx, Startseite - Bundesagentur für Arbeit
https://www.arbeitsagentur.de/, nginx, Startseite - Bundesagentur für Arbeit
https://www.arbeitsagentur.de/, nginx, Startseite - Bundesagentur für Arbeit
https://www.arbeitsagentur.de/bildung/studium, nginx, Schritt für Schritt zum passenden Studium - Bundesagentur für Arbeit
https://www.arbeitsagentur.de/institutionen/jugendberufsagenturen, nginx, Jugendberufsagenturen - Bundesagentur für Arbeit
https://www.arbeitsagentur.de/, nginx, Startseite - Bundesagentur für Arbeit
https://www.arbeitsagentur.de/, nginx, Startseite - Bundesagentur für Arbeit
https://con.arbeitsagentur.de/prod/berufetv/start, nginx, Berufe.TV
https://www.arbeitsagentur.de/, nginx, Startseite - Bundesagentur für Arbeit
https://www.arbeitsagentur.de/, nginx, Startseite - Bundesagentur für Arbeit
https://www.arbeitsagentur.de/, nginx, Startseite - Bundesagentur für Arbeit
https://www.arbeitsagentur.de/, nginx, Startseite - Bundesagentur für Arbeit
https://con.arbeitsagentur.de/prod/berufetv/start, nginx, Berufe.TV
https://www.arbeitsagentur.de/, nginx, Startseite - Bundesagentur für Arbeit
https://berufenet.arbeitsagentur.de/berufenet/faces/index, Apache
https://berufenet.arbeitsagentur.de/berufenet/faces/index, Apache
https://www.arbeitsagentur.de/familie-und-kinder/kinderzuschlag-verstehen, nginx, Kinderzuschlag verstehen - Bundesagentur für Arbeit
https://www.arbeitsagentur.de/, nginx, Startseite - Bundesagentur für Arbeit
https://www.arbeitsagentur.de/, nginx, Startseite - Bundesagentur für Arbeit
https://vbwebapp001-vfz2.vk.arbeitsagentur.de/static/?vkid=na, Apache, Willkommen bei âMein Videoterminâ
https://www.arbeitsagentur.de/vor-ort/zav/bfio, Apache, Büro Führungskräfte zu Internationalen Organisationen - Zentrale Auslands- und Fachvermittlung (ZAV)
https://www.arbeitsagentur.de/, nginx, Startseite - Bundesagentur für Arbeit
http://wartung.ba-it-systemhaus.de, Apache, Wartung
https://www.arbeitsagentur.de/vor-ort/zav/Triple-Win-Pflegekraefte, Apache, Projekt Triple Win - Zentrale Auslands- und Fachvermittlung (ZAV)
https://pxen001-pxz1-vfz2.vk.arbeitsagentur.de/webapp/, Apache
https://www.arbeitsagentur.de/, nginx, Startseite - Bundesagentur für Arbeit
https://pxen001-pxz1-vfz2.vk.arbeitsagentur.de/webapp/, Apache
https://www.arbeitsagentur.de/, nginx, Startseite - Bundesagentur für Arbeit
https://www.arbeitsagentur.de/, nginx, Startseite - Bundesagentur für Arbeit
https://www.jobcenter-ge.de/Jobcenter/Landkreis-Wittenberg/DE/Home/home_node.html, HTTP/1.1, Jobcenter  -  Startseite, Government Site Builder
https://kursnet-finden.arbeitsagentur.de/kurs/, Apache, KURSNET
	
		
		
			
				 - Startseite
https://www.arbeitsagentur.de/, nginx, Startseite - Bundesagentur für Arbeit
https://www.arbeitsagentur.de/, nginx, Startseite - Bundesagentur für Arbeit
https://www.arbeitsagentur.de/, nginx, Startseite - Bundesagentur für Arbeit
https://www.arbeitsagentur.de/, nginx, Startseite - Bundesagentur für Arbeit
https://www.jobcenter-ge.de/Jobcenter/Hameln-Pyrmont/DE/Home/home_node.html, HTTP/1.1, Jobcenter  -  Startseite, Government Site Builder
https://www.arbeitsagentur.de/, nginx, Startseite - Bundesagentur für Arbeit
https://www.arbeitsagentur.de/, nginx, Startseite - Bundesagentur für Arbeit
https://www.arbeitsagentur.de/, nginx, Startseite - Bundesagentur für Arbeit
https://www.jobcenter-ge.de/Jobcenter/Wesermarsch/DE/Home/home_node.html, HTTP/1.1, Jobcenter  -  Startseite, Government Site Builder
https://www.arbeitsagentur.de/bildung/welche-ausbildung-welches-studium-passt, nginx, Check-U: Teste deine Stärken - Bundesagentur für Arbeit
https://berufecheck.arbeitsagentur.de/berufecheck/faces/index, Apache
https://berufecheck.arbeitsagentur.de/berufecheck/faces/index, Apache
https://www.arbeitsagentur.de/, nginx, Startseite - Bundesagentur für Arbeit
https://www.arbeitsagentur.de/vor-ort/zav/startseite, Apache, Zentrale Auslands- und Fachvermittlung (ZAV) - Zentrale Auslands- und Fachvermittlung (ZAV)
https://www.jobcenter-ge.de/, HTTP/1.1, Jobcenter  -  Startseite, Government Site Builder
https://www.arbeitsagentur.de/, nginx, Startseite - Bundesagentur für Arbeit
https://www.jobcenter-ge.de/Jobcenter/Landkreis-Wittenberg/DE/Home/home_node.html, HTTP/1.1, Jobcenter  -  Startseite, Government Site Builder
https://www.jobcenter-ge.de:443/, HTTP/1.1, Jobcenter  -  Startseite, Government Site Builder
https://www.arbeitsagentur.de/, nginx, Startseite - Bundesagentur für Arbeit
https://www.arbeitsagentur.de/, nginx, Startseite - Bundesagentur für Arbeit
https://www.arbeitsagentur.de/, nginx, Startseite - Bundesagentur für Arbeit
https://www.arbeitsagentur.de/, nginx, Startseite - Bundesagentur für Arbeit
https://www.arbeitsagentur.de/vor-ort/zav/startseite, Apache, Zentrale Auslands- und Fachvermittlung (ZAV) - Zentrale Auslands- und Fachvermittlung (ZAV)
https://ica.arbeitsagentur.de:443/vpn/index.html, Apache, Citrix Gateway
https://zav.arbeitsagentur.de/, HTTP/1.1, ZAV Künstlervermittlung  -  Startseite, Government Site Builder
https://www.arbeitsagentur.de/, nginx, Startseite - Bundesagentur für Arbeit
https://www.jobcenter-ge.de/Jobcenter/Bottrop/DE/Home/home_node.html, HTTP/1.1, Jobcenter  -  Startseite, Government Site Builder
https://www.arbeitsagentur.de/, nginx, Startseite - Bundesagentur für Arbeit
https://www.arbeitsagentur.de/, nginx, Startseite - Bundesagentur für Arbeit
https://ica201.arbeitsagentur.de/vpn/index.html, Apache, Citrix Gateway
https://www.arbeitsagentur.de/, nginx, Startseite - Bundesagentur für Arbeit
https://www.arbeitsagentur.de/, nginx, Startseite - Bundesagentur für Arbeit
http://wartung.ba-it-systemhaus.de:80/, Apache, Wartung
https://www.arbeitsagentur.de/, nginx, Startseite - Bundesagentur für Arbeit
https://www.arbeitsagentur.de/bildung/studium, nginx, Schritt für Schritt zum passenden Studium - Bundesagentur für Arbeit
https://www.arbeitsagentur.de/vor-ort/it-systemhaus/startseite, Apache, Startseite IT-Systemhaus - IT-Systemhaus der Bundesagentur für Arbeit
https://planet-beruf.de/schuelerinnen/, Apache, Schueler - www.planet-beruf.de, TYPO3 CMS
https://www.jobcenter-ge.de/, HTTP/1.1, Jobcenter  -  Startseite, Government Site Builder
https://con.arbeitsagentur.de/prod/apok/metasuche/suche/veranstaltungen, nginx, SuchÃ¼bersicht - Bundesagentur fÃ¼r Arbeit
https://www.arbeitsagentur.de/, nginx, Startseite - Bundesagentur für Arbeit
https://www.arbeitsagentur.de/bildung, nginx, Schule, Ausbildung und Studium - Bundesagentur für Arbeit
https://cert-download.iarbeitsagentur.de:443/extcerts/getcert/search, Apache, Adressbuch für externe Kontakte
https://lyncdiscover.iarbeitsagentur.de:443/, Apache
https://i542-vbstas101-vfz2.vk.arbeitsagentur.de:443/, Apache
https://www.arbeitsagentur.de/, nginx, Startseite - Bundesagentur für Arbeit
https://i502-vbstas101-vfz2.vk.arbeitsagentur.de:443/, Apache
https://ica.iarbeitsagentur.de:443/vpn/index.html, Apache, Citrix Gateway
https://con.arbeitsagentur.de/prod/apok/kontakt/de/, nginx, Kontaktformular - Bundesagentur fÃ¼r Arbeit
https://ica201.iarbeitsagentur.de/vpn/index.html, Apache, Citrix Gateway
https://cert-download.arbeitsagentur.de:443/extcerts/getcert/search, Apache, Adressbuch für externe Kontakte
http://haushalt.arbeitsagentur.de:80/, Apache, Interaktive Haushaltsdarstellung - Bundesagentur fÃ¼r Arbeit
https://www.arbeitsagentur.de/?RedirectZkmArbeitsagentur, nginx, Startseite - Bundesagentur für Arbeit
https://www.arbeitsagentur.de/?RedirectZkmArbeitsagentur, nginx, Startseite - Bundesagentur für Arbeit
https://con.arbeitsagentur.de/prod/apok/kontakt/de/, nginx, Kontaktformular - Bundesagentur fÃ¼r Arbeit
https://www.spitzenverbaende.arbeitsagentur.de:443/, Apache, ArbeitnehmerÃ¼berlassung
https://www.spitzenverbaende.arbeitsagentur.de/, Apache, ArbeitnehmerÃ¼berlassung
https://www.arbeitsagentur.de/, nginx, Startseite - Bundesagentur für Arbeit
https://ak.arbeitsagentur.de/, Apache, Mail an den Antikorruptionsbeauftragten der BA
https://ideenwerkstatt.arbeitsagentur.de:443/, nginx, Ideenwerkstatt - Bundesagentur für Arbeit
https://ideenwerkstatt.arbeitsagentur.de/, nginx, Ideenwerkstatt - Bundesagentur für Arbeit
https://www.jobcenter-ge.de/Jobcenter/Segeberg/DE/Home/home_node.html, HTTP/1.1, Jobcenter  -  Startseite, Government Site Builder
https://img.arbeitsagentur.de/portal/image?res=Header_BA_Icon&h=25&w=151, Apache
https://berufenet.arbeitsagentur.de/berufenet/faces/index, Apache
https://ak.arbeitsagentur.de/, Apache, Mail an den Antikorruptionsbeauftragten der BA
https://berufenet.arbeitsagentur.de/berufenet/faces/index, Apache
https://jobboerse.arbeitsagentur.de/prod/vamJB/startseite.html?aa=1&m=1&kgr=as&vorschlagsfunktionaktiv=true, Apache, JOBBÖRSE der Bundesagentur für Arbeit - Deutschlands größtes Online-Jobportal
https://www.arbeitsagentur.de/, nginx, Startseite - Bundesagentur für Arbeit
https://jobboerse.arbeitsagentur.de/prod/vamJB/startseite.html?aa=1&m=1&kgr=as&vorschlagsfunktionaktiv=true, Apache, JOBBÖRSE der Bundesagentur für Arbeit - Deutschlands größtes Online-Jobportal
http://bab-rechner.arbeitsagentur.de:80/, Apache, BAB-Rechner
http://babrechner.arbeitsagentur.de:80/, Apache, BAB-Rechner
https://i31-vburly001-vfz2.vk.arbeitsagentur.de:443/, Apache
https://con.arbeitsagentur.de/prod/apok/metasuche/suche/dienststellen, nginx, SuchÃ¼bersicht - Bundesagentur fÃ¼r Arbeit
https://www.arbeitsagentur.de/, nginx, Startseite - Bundesagentur für Arbeit
http://www.babrechner.arbeitsagentur.de:80/, Apache, BAB-Rechner
https://www.arbeitsagentur.de/, nginx, Startseite - Bundesagentur für Arbeit
http://mint.arbeitsagentur.de:80/, Apache/2.4.7 (Ubuntu), Mach MINT!
https://i542-vbstas101-vfz1.vk.arbeitsagentur.de:443/, Apache
http://www.bab-rechner.arbeitsagentur.de:80/, Apache, BAB-Rechner
https://fueak-bbb.hsu-hh.de/b, nginx/1.16.1, BigBlueButton
http://www.haushalt.arbeitsagentur.de:80/, Apache, Interaktive Haushaltsdarstellung - Bundesagentur fÃ¼r Arbeit
https://www.arbeitsagentur.de/, nginx, Startseite - Bundesagentur für Arbeit
https://ben.arbeitsagentur.de/ben/faces/index, Apache
https://sso.arbeitsagentur.de:443/oam/server/obrareq.cgi?encquery%3D3yRlO%2BdmQ8eqfEdfnIcDHtTcZvYhABS4DcCafheuwpVfGKhCkpkDBhOQN%2Ft7Cshe4pAo5q6sacoRnpnxaCpR%2FpsvC8276u1l5shzWvGupbxHV2YaRoBpFsqNFbtqP%2FMjB%2FIZDWVSc0mQpcPlqE5f7pHhgaJpI7LIPHgrSEBVc%2F3gTatmZ8GOIDY%2BM9Zf6dDf1dHcPDTTy0S0mhgkKaPM2YnR5PfQDFCljSJWmgLsCYh8V4wrrCp2FsTewpGLdjIqYIdhu7wLtQEDfGZDxbrCLEJapO23zid5cPETYnoCinWD862p22GVVkbCGPZWbXH2GPj2dG7zJaolqihg1i0JOvCYmiQoU5T%2BYDNNm2GPTN8%3D%20agentid%3DCON-Webgate%20ver%3D1%20crmethod%3D2%26cksum%3D81f3195b135c69bc3b115211777dc8741edf0d98, Apache
https://ben.arbeitsagentur.de/ben/faces/index, Apache
https://www.arbeitsagentur.de/m/corona-grundsicherung/, nginx, Grundsicherung fÃ¼r Kurzarbeitende und SelbststÃ¤ndige
https://sso.arbeitsagentur.de:443/oam/server/obrareq.cgi?encquery%3DKPK48K8SsLdjRPB7icTAk0r0Utkj%2F5NRnjpE4pHkpVkm5meUI9bR8TcxGPGh%2BPkSLKyYVrcPop4gISJQAQPP77Btbes2KE9HTP%2BhQWCrFM8CyBReqZ%2FPK83kpKrWymUzGWX3Y4gFRjiRCebrKts56ojNkHWlylk2FK9%2FzXQWYp66zOeeIEL%2BsagCMD6lOQu9tJtTNO1uj4n2MPEUh48gufq6CL1QK3UBivslGIzWweY1u6eVCp8vc3hC6g5eMWvUaBz%2BZOyxtfBjQ%2BoGfLSN0yJzvPyCu5nSctprRvh68Bp%2B1BciTE1r4FRgp9lGkn7H3bB8nYtCD4dtB5Dr2wBK56%2FUgRdweMpoGbfc6y404KA%3D%20agentid%3DCON-Webgate%20ver%3D1%20crmethod%3D2%26cksum%3D3e54de8c600c2785354e308bb1f7f8fa30cd67e7, Apache
https://www.arbeitsagentur.de/, nginx, Startseite - Bundesagentur für Arbeit
https://bapc-terminal.arbeitsagentur.de:443/vpn/index.html, Apache, Citrix Gateway
https://www.arbeitsagentur.de/karriere-und-weiterbildung/e-learning-lernboerse, nginx, Online-Trainings rund um den Beruf - Bundesagentur für Arbeit
https://ak.arbeitsagentur.de/, Apache, Mail an den Antikorruptionsbeauftragten der BA
https://www.jobcenter-ge.de/Jobcenter/Hameln-Pyrmont/DE/Home/home_node.html, HTTP/1.1, Jobcenter  -  Startseite, Government Site Builder
https://www.arbeitsagentur.de/karriere-und-weiterbildung/e-learning-lernboerse, nginx, Online-Trainings rund um den Beruf - Bundesagentur für Arbeit
https://terminal103.arbeitsagentur.de/vpn/index.html, Apache, Citrix Gateway
https://lyncdiscover.arbeitsagentur.de:443/, Apache
https://i502-vbstas101-vfz1.vk.arbeitsagentur.de:443/, Apache
https://www.arbeitsagentur.de/, nginx, Startseite - Bundesagentur für Arbeit
https://sso.arbeitsagentur.de:443/oam/server/obrareq.cgi?encquery%3D%2FRYCrBiDGdiuEGsXVx27IdaTp3GSCw3vIbzDiV58%2FDAKCj%2FPh0Rd1YJ675tsMTcKStewPqGeHM%2F2Sm5847U2E9y7oJPNfn2q58bWSfV2ikhi2fBa1NGJ%2BCiUTA6dp60z7vcW0%2Bb1iuyp2EBf38dMWk53W3F54%2BGGXvLEeKalaRjP7bx98c3R1pFJ5kpN7a%2BlNP3yni4NFjT%2FCUEp9SwL8swv6%2BPOH3fDlk1qyTgS9l1VtHGI7Fub4UPltflWL%2BuRzUPwToBlu8tPTwEXUyvE%2FJlSiYbgjlZ1JHAunZV0pp%2FT%2FYUIpjb9bYEE8heI6yCztD05OYIXVPmW03o4rJmyOTQiL3DCm%2BtjVuI6gGNPHpnkoKsS9G%2FClcndvUTWVBaE%20agentid%3DCON-Webgate%20ver%3D1%20crmethod%3D2%26cksum%3Dd135577223466bb67125e8aed5282084e8366c75, Apache
https://vk.arbeitsagentur.de/static/?vkid=na, Apache, Willkommen bei âMein Videoterminâ
https://spitzenverbaende.arbeitsagentur.de:443/, Apache, ArbeitnehmerÃ¼berlassung
https://faktor-a.arbeitsagentur.de:443/, Apache, Faktor A - Das Arbeitgebermagazin
https://kursnet-finden.arbeitsagentur.de/kurs/, Apache, KURSNET
	
		
		
			
				 - Startseite
https://sso.arbeitsagentur.de:443/oam/server/obrareq.cgi?encquery%3DmcfYc2LJjBhDMGPlGsY1wFLVSeG5k%2F2oq3XCRvOG2%2F903BAwKeZ0La4zvJOqi6jEHgTCbdAk0qQR9vz%2Fe0FOkARUqmpsRy0jYj3ct6xiybABCvJBzdQJ07qYUo15AFRh64u8vGabWsPllnxqb%2Bcp6mqPS1mWYwZ2svaAHE3ZRfRMrNjNh8XkjwRR993jcByAz5K0QgZMEKXj4wTBgniu8cHDakLeuZrzQxmE6PLWITGzlHhc%2BHxkJXJ%2Be2ubZJcwlnb%2FGbU59tbLEcQxES%2Bn3ya8dJgH%2Ft1TQDyTkT3fOwyu7LHrthFS93H5bgWyE2%2BEVt2PmsyBi5xve7gzHmAH4xEEHqBMLAfM%2BxmLFDMGOWzN2jG3MNYTFek18oVmJJ4v%20agentid%3DCON-Webgate%20ver%3D1%20crmethod%3D2%26cksum%3Daa0bf2f003dda78a7adaf51188f541d0bd11286b, Apache
https://spitzenverbaende.arbeitsagentur.de/, Apache, ArbeitnehmerÃ¼berlassung
https://kursnet-finden.arbeitsagentur.de/kurs/, Apache, KURSNET
	
		
		
			
				 - Startseite
https://faktor-a.arbeitsagentur.de/, Apache, Faktor A - Das Arbeitgebermagazin
https://www.arbeitsagentur.de/, nginx, Startseite - Bundesagentur für Arbeit
https://con.arbeitsagentur.de/prod/berufetv/start, nginx, Berufe.TV
https://con.arbeitsagentur.de/prod/berufetv/start, nginx, Berufe.TV
http://www.pub.arbeitsagentur.de:80/, Apache
https://i31-vburly001-vfz1.vk.arbeitsagentur.de:443/, Apache
https://www.arbeitsagentur.de/vor-ort/hameln/hit, Apache, HIT Hameln - Agentur für Arbeit Hameln
https://www.pub.arbeitsagentur.de:443/, Apache
https://www.arbeitsagentur.de/, nginx, Startseite - Bundesagentur für Arbeit
https://www.arbeitsagentur.de/karriere-und-weiterbildung/berufsinformationszentrum-biz-erwachsene, nginx, Berufsinformationszentrum (BiZ) Erwachsene - Bundesagentur für Arbeit
https://www.arbeitsagentur.de/bildung/welche-ausbildung-welches-studium-passt, nginx, Check-U: Teste deine Stärken - Bundesagentur für Arbeit
https://fueak-bbb.hsu-hh.de/b, nginx/1.16.1, BigBlueButton
https://lyncdiscover.ijobcenter-ge.de:443/, Apache
https://www.arbeitsagentur.de/vor-ort/hamburg/studieren-im-norden, Apache, Studieren im Norden - Die Hochschulmesse - Agentur für Arbeit Hamburg
https://www.kursnet-online.arbeitsagentur.de/onlinekurs/, Apache, KURSNET - Bildung einfach anbieten - Login
https://www.kursnet-online.arbeitsagentur.de/onlinekurs/, Apache, KURSNET - Bildung einfach anbieten - Login
https://www.arbeitsagentur.de/familie-und-kinder, nginx, Finanzielle Unterstützung für Familien und Kinder - Bundesagentur für Arbeit
https://www.arbeitsagentur.de/bildung/welche-ausbildung-welches-studium-passt, nginx, Check-U: Teste deine Stärken - Bundesagentur für Arbeit
https://www.arbeitsagentur.de/, nginx, Startseite - Bundesagentur für Arbeit
https://statistik.arbeitsagentur.de/, HTTP/1.1, Startseite  -  Statistik der Bundesagentur für Arbeit, Government Site Builder
https://www.arbeitsagentur.de/, nginx, Startseite - Bundesagentur für Arbeit
https://www.arbeitsagentur.de/vor-ort/zav/Triple-Win-Pflegekraefte, Apache, Projekt Triple Win - Zentrale Auslands- und Fachvermittlung (ZAV)
https://statistik.arbeitsagentur.de/, HTTP/1.1, Startseite  -  Statistik der Bundesagentur für Arbeit, Government Site Builder
https://con.arbeitsagentur.de/prod/berufetv/start, nginx, Berufe.TV
https://terminal101.iarbeitsagentur.de/vpn/index.html, Apache, Citrix Gateway
https://con.arbeitsagentur.de/prod/berufetv/start, nginx, Berufe.TV
https://www.arbeitsagentur.de/, nginx, Startseite - Bundesagentur für Arbeit
https://terminal101.iarbeitsagentur.de/vpn/index.html, Apache, Citrix Gateway
https://umfrage.familienkasse.de/, Apache
https://umfrage.familienkasse.de:443/, Apache
https://umfrage-t.familienkasse.de:443/, Apache
https://www.arbeitsagentur.de/familie-und-kinder, nginx, Finanzielle Unterstützung für Familien und Kinder - Bundesagentur für Arbeit
https://www.arbeitsagentur.de/, nginx, Startseite - Bundesagentur für Arbeit
https://umfrage-t.familienkasse.de/, Apache
https://www.arbeitsagentur.de/, nginx, Startseite - Bundesagentur für Arbeit
https://www.arbeitsagentur.de/arbeitslos-arbeit-finden/arbeitslosengeld-2, nginx, Arbeitslosengeld II: Jobcenter digital - Bundesagentur für Arbeit
https://www.arbeitsagentur.de/institutionen/jugendberufsagenturen, nginx, Jugendberufsagenturen - Bundesagentur für Arbeit
https://www.arbeitsagentur.de/, nginx, Startseite - Bundesagentur für Arbeit
https://www.arbeitsagentur.de/vor-ort/jobcenter-bernkastel-wittlich/startseite, Apache, Startseite - Jobcenter Bernkastel-Wittlich
https://www.arbeitsagentur.de/, nginx, Startseite - Bundesagentur für Arbeit
https://www.jobcenter-ge.de/Jobcenter/Wesermarsch/DE/Home/home_node.html, HTTP/1.1, Jobcenter  -  Startseite, Government Site Builder
https://www.arbeitsagentur.de/, nginx, Startseite - Bundesagentur für Arbeit
https://www.arbeitsagentur.de/, nginx, Startseite - Bundesagentur für Arbeit
https://terminal101.iarbeitsagentur.de/vpn/index.html, Apache, Citrix Gateway
http://www.mint.arbeitsagentur.de:80/, Apache/2.4.7 (Ubuntu), Mach MINT!
https://www.arbeitsagentur.de/, nginx, Startseite - Bundesagentur für Arbeit
https://www.arbeitsagentur.de/, nginx, Startseite - Bundesagentur für Arbeit
