https://1.1.1.1/, cloudflare, 1.1.1.1 â The free app that makes your Internet faster., 1.1.1.1, password: 0
https://1.1.1.1:443/, cloudflare, 1.1.1.1 â The free app that makes your Internet faster., 1.1.1.1, password: 0
https://one.one.one.one/family/, cloudflare, 1.1.1.1 â The free app that makes your Internet faster., 1.1.1.1, password: 0
https://one.one.one.one/family/, cloudflare, 1.1.1.1 â The free app that makes your Internet faster., 1.1.1.1, password: 0
https://one.one.one.one/family/, cloudflare, 1.1.1.1 â The free app that makes your Internet faster., 1.1.1.1, password: 0
https://one.one.one.one/family/, cloudflare, 1.1.1.1 â The free app that makes your Internet faster., 1.1.1.1, password: 0
https://uat.limawatercorp.com/, Apache, Home - Lima Water Corp., WordPress 5.2.11, password: 0
https://uat.limawatercorp.com/, Apache, Home - Lima Water Corp., WordPress 5.2.11, password: 0
https://uat.limawatercorp.com/, Apache, Home - Lima Water Corp., WordPress 5.2.11, password: 0
https://uat.limawatercorp.com/, Apache, Home - Lima Water Corp., WordPress 5.2.11, password: 0
